repo,clone_time,sparse_time
1k,20.65180906599562,0.7528313609946053
10k,168.38873659800447,2.1975262870109873
50k,876.8823454880039,9.480218225013232
100k,1469.443560011001,13.551739943999564
