repo,sparse_time
1k,4.764224016995286
10k,6.992713466999703
50k,12.750811286998214
100k,20.23944149899762
